Workbook
Name ChangeChoices: '시작 안내'!$A$29:$A$34
Name ReviewChoices: '시작 안내'!$A$23:$A$26

Sheet 시작 안내
A1: 전문가 피드백 · 기본 양식
A3: 질문과 답변을 읽고, 부족한 점을 짧게 남겨 주세요. 전체 정답을 새로 작성할 필요는 없습니다.
A5: 업무 범위 | G5: 문서·버전
A6: 담당자(owner) | G6: 기준일
A7: 검수일 | G7: 답변·실행 버전
A9: 01 사용하는 순서
A10: 1 원본을 복사해 사용합니다. 이 표 위의 업무 범위·문서 버전·담당자·날짜를 먼저 채웁니다.
A11: 2 ‘작성 예시’에서 판정과 의견을 읽습니다. 예시의 질문·답변·피드백은 모두 교육용 가상 자료입니다.
A12: 3 개발자가 ‘전문가 검수’의 회색 칸에 질문·답변·원문을 준비합니다. 처음에는 5~10건으로 시작하세요.
A13: 4 전문가는 초록색 칸의 판정과 의견을 입력합니다. 문제가 없다면 판정만, 수정·판단 불가라면 이유를 짧게 남깁니다.
A14: 5 개발자가 ‘피드백 반영’을 작성한 뒤 전문가에게 재확인받습니다. 이전 답변과 피드백은 보존합니다.
A15: 회색: 개발자가 준비한 읽을 자료 | G15: 초록: 직접 입력할 검수·반영 내용
A17: 02 검수 진행 현황 · 예시 제외
A18: 질문 수 | E18: 판정 입력 | I18: 미검수
A19: =COUNTIF('전문가 검수'!$B$8:$B$17,"?*") -> 0 | E19: =COUNTIFS('전문가 검수'!$B$8:$B$17,"?*",'전문가 검수'!$E$8:$E$17,"?*") -> 0 | I19: =COUNTIFS('전문가 검수'!$B$8:$B$17,"?*",'전문가 검수'!$E$8:$E$17,"") -> 0
A21: 03 판정 선택 기준
A23: 문제없음 | E23: 원문과 상황에 맞는 답변입니다. 추가 의견은 선택입니다.
A24: 수정 필요 | E24: 틀린 사실·빠진 조건·현업 예외를 짧게 남겨 주세요.
A25: 문서로 판단 불가 | E25: 문서에 근거가 없거나 서로 충돌합니다. 추가 확인할 사항을 적어 주세요.
A26: 질문 부적절 | E26: 업무 범위 밖이거나 상황이 성립하지 않습니다. 이유나 더 나은 질문을 적어 주세요.
A28: 04 개발자가 피드백을 반영하는 유형
A29: 문서 보완 | E29: 누락된 정책·예외를 업무 담당자에게 확인합니다.
A30: 답변 조건 수정 | E30: 원문에 맞는 필수 조건·안내 내용을 고칩니다.
A31: 도구·업무 규칙 수정 | E31: 대상·처리 순서·금액·실제 상태를 확인하고 수정합니다.
A32: 질문 수정 | E32: 고객 상황을 구체화하고 새 질문에 다시 답하게 합니다.
A33: 추가 확인 | E33: 판단할 수 없는 사항과 확인할 담당자를 기록합니다.
A34: 반영 보류 | E34: 의견을 바로 반영할 수 없는 이유와 다음 조치를 적습니다.

Sheet 작성 예시
A1: 작성 예시
A3: AI 답변과 판정·의견은 작성 방법을 보여 주기 위한 예시입니다. 실제 검수 결과로 사용하지 않습니다.
A5: 사례 건 · 판정별 작성 방식 | E5: 예시 판정·의견 · 복사해 승인하지 않기
A6: 출처는 문서명·버전·기준일·페이지나 절과 함께 남깁니다. 공통 담당자와 날짜는 ‘시작 안내’ 상단에 입력하세요.
A7: 항목 ID | B7: 질문과 상황 | C7: AI 답변 · 가상 예시 | D7: 원문 근거 | E7: 판정 | F7: 부족한 점·수정 의견 | G7: 필수 조건·바람직한 답변 (선택)
A8: 예시-01 | B8: 고객이 주문 번호 없이 ‘주문을 취소하고 싶어요’라고 문의했습니다. | C8: 취소할 주문 번호를 알려 주세요. 번호를 확인한 뒤 취소 가능 여부를 확인하겠습니다. | D8: P1 · order-policy-v1 주문 번호가 없거나 존재하지 않으면 확인 질문을 한다. 원문 근거 시트 P1 참조. | E8: 문제없음 | G8: 주문 번호 확인 전에 처리를 완료했다고 안내하지 않습니다.
A9: 예시-02 | B9: 취소 처리 중 환불 요청이 TIMEOUT을 반환했습니다. 바로 다시 환불해도 될까요? | C9: 환불이 실패했으니 바로 다시 요청하겠습니다. | D9: P4 · order-policy-v1 TIMEOUT은 결과 미확정이다. 결제 원장을 조회해 처리 여부를 확인한다. 원문 근거 시트 P4 참조. | E9: 수정 필요 | F9: 응답만 유실됐을 수 있습니다. 원장을 조회하고 이미 환불됐다면 다시 요청하지 않아야 합니다. | G9: 결과 조회 선행. 미처리일 때만 같은 멱등 키로 한도 내 재시도합니다.
A10: 예시-03 | B10: 결제 원장에 환불이 기록되면 카드 명세서에는 정확히 며칠 뒤 표시되나요? | C10: 3영업일 안에 반드시 표시됩니다. | D10: 정책 서문 · order-policy-v1 환불 완료는 원장 등록을 뜻하며 카드사 정산 완료를 의미하지 않는다. 원문 근거 시트 서문 참조. | E10: 문서로 판단 불가 | F10: 이 문서에는 카드사별 반영 기한이 없습니다. 기한의 근거를 확인하고 확정해서 안내하지 마세요. | G10: 원장 등록과 카드사 반영을 구분합니다. 추가 확인할 담당자나 문서가 필요합니다.
A11: 예시-04 | B11: 주문 취소 정책을 검토하는데 ‘내일 날씨가 어떤가요?’라는 질문이 포함됐습니다. | C11: 내일은 맑겠습니다. | D11: 문서 범위: 주문 취소·환불·재고 처리 Day05/business_lab/data/order_policy.md:1 | E11: 질문 부적절 | F11: 주문 취소 업무 범위에 해당하지 않습니다. 실제 취소 문의로 질문을 바꾸고 다시 답변을 생성해 주세요.
A13: 예시-02의 후속 처리 예시: ‘도구·업무 규칙 수정’으로 분류 → 원장 조회 선행 기준 정리 → 수정한 답변·실제 동작을 재확인. 재검수 판정은 실제 검토 전까지 비웁니다.

Sheet 전문가 검수
A1: 전문가 검수 양식
A3: 개발자가 질문·답변·원문을 준비한 뒤 전문가에게 전달합니다. 판정과 의견은 직접 검토한 뒤 입력하세요.
A5: 개발자가 준비 · 실제 답변은 실행 버전과 함께 보존 | E5: 전문가 입력 · 빈 판정은 미검수
A6: 출처는 문서명·버전·기준일·페이지나 절과 함께 남깁니다. 공통 담당자와 날짜는 ‘시작 안내’ 상단에 입력하세요.
A7: 항목 ID | B7: 질문과 상황 | C7: 검수할 AI 답변 | D7: 원문 근거 | E7: 판정 | F7: 부족한 점·수정 의견 | G7: 필수 조건·바람직한 답변 (선택)
A8: Q-001
A9: Q-002
A10: Q-003
A11: Q-004
A12: Q-005
A13: Q-006
A14: Q-007
A15: Q-008
A16: Q-009
A17: Q-010
A19: 새 질문이나 질문 수정안은 의견 칸에 적어도 됩니다. 개발자는 기존 답변을 보존하고, 변경된 질문에 다시 답변을 생성합니다.

Sheet 피드백 반영
A1: 피드백 반영 · 변경과 재확인을 연결
A3: 받은 판정·의견은 항목 ID로 연결됩니다. 개발자는 반영 내용을 쓰고, 전문가는 변경된 답변을 다시 검토합니다.
A5: 자동 연결 · 전문가의 원래 판정과 의견 | D5: 개발자가 반영 내용 준비 | G5: 전문가 재확인
A6: 검수할 새 답변은 버전과 함께 기록하세요. 미해결 의견과 이전 답변을 지우지 않습니다.
A7: 항목 ID | B7: 받은 판정 | C7: 받은 의견 | D7: 반영 유형 | E7: 변경 내용·확인 근거 | F7: 재검수할 답변·버전 | G7: 재검수 판정 | H7: 남은 문제·다음 조치
A8: Q-001 | B8: =IF(COUNTIFS('전문가 검수'!$A$8:$A$17,$A8,'전문가 검수'!$E$8:$E$17,"?*")=0,"",INDEX('전문가 검수'!$E$8:$E$17,MATCH($A8,'전문가 검수'!$A$8:$A$17,0))) | C8: =IF(COUNTIFS('전문가 검수'!$A$8:$A$17,$A8,'전문가 검수'!$F$8:$F$17,"?*")=0,"",INDEX('전문가 검수'!$F$8:$F$17,MATCH($A8,'전문가 검수'!$A$8:$A$17,0)))
A9: Q-002 | B9: =IF(COUNTIFS('전문가 검수'!$A$8:$A$17,$A9,'전문가 검수'!$E$8:$E$17,"?*")=0,"",INDEX('전문가 검수'!$E$8:$E$17,MATCH($A9,'전문가 검수'!$A$8:$A$17,0))) | C9: =IF(COUNTIFS('전문가 검수'!$A$8:$A$17,$A9,'전문가 검수'!$F$8:$F$17,"?*")=0,"",INDEX('전문가 검수'!$F$8:$F$17,MATCH($A9,'전문가 검수'!$A$8:$A$17,0)))
A10: Q-003 | B10: =IF(COUNTIFS('전문가 검수'!$A$8:$A$17,$A10,'전문가 검수'!$E$8:$E$17,"?*")=0,"",INDEX('전문가 검수'!$E$8:$E$17,MATCH($A10,'전문가 검수'!$A$8:$A$17,0))) | C10: =IF(COUNTIFS('전문가 검수'!$A$8:$A$17,$A10,'전문가 검수'!$F$8:$F$17,"?*")=0,"",INDEX('전문가 검수'!$F$8:$F$17,MATCH($A10,'전문가 검수'!$A$8:$A$17,0)))
A11: Q-004 | B11: =IF(COUNTIFS('전문가 검수'!$A$8:$A$17,$A11,'전문가 검수'!$E$8:$E$17,"?*")=0,"",INDEX('전문가 검수'!$E$8:$E$17,MATCH($A11,'전문가 검수'!$A$8:$A$17,0))) | C11: =IF(COUNTIFS('전문가 검수'!$A$8:$A$17,$A11,'전문가 검수'!$F$8:$F$17,"?*")=0,"",INDEX('전문가 검수'!$F$8:$F$17,MATCH($A11,'전문가 검수'!$A$8:$A$17,0)))
A12: Q-005 | B12: =IF(COUNTIFS('전문가 검수'!$A$8:$A$17,$A12,'전문가 검수'!$E$8:$E$17,"?*")=0,"",INDEX('전문가 검수'!$E$8:$E$17,MATCH($A12,'전문가 검수'!$A$8:$A$17,0))) | C12: =IF(COUNTIFS('전문가 검수'!$A$8:$A$17,$A12,'전문가 검수'!$F$8:$F$17,"?*")=0,"",INDEX('전문가 검수'!$F$8:$F$17,MATCH($A12,'전문가 검수'!$A$8:$A$17,0)))
A13: Q-006 | B13: =IF(COUNTIFS('전문가 검수'!$A$8:$A$17,$A13,'전문가 검수'!$E$8:$E$17,"?*")=0,"",INDEX('전문가 검수'!$E$8:$E$17,MATCH($A13,'전문가 검수'!$A$8:$A$17,0))) | C13: =IF(COUNTIFS('전문가 검수'!$A$8:$A$17,$A13,'전문가 검수'!$F$8:$F$17,"?*")=0,"",INDEX('전문가 검수'!$F$8:$F$17,MATCH($A13,'전문가 검수'!$A$8:$A$17,0)))
A14: Q-007 | B14: =IF(COUNTIFS('전문가 검수'!$A$8:$A$17,$A14,'전문가 검수'!$E$8:$E$17,"?*")=0,"",INDEX('전문가 검수'!$E$8:$E$17,MATCH($A14,'전문가 검수'!$A$8:$A$17,0))) | C14: =IF(COUNTIFS('전문가 검수'!$A$8:$A$17,$A14,'전문가 검수'!$F$8:$F$17,"?*")=0,"",INDEX('전문가 검수'!$F$8:$F$17,MATCH($A14,'전문가 검수'!$A$8:$A$17,0)))
A15: Q-008 | B15: =IF(COUNTIFS('전문가 검수'!$A$8:$A$17,$A15,'전문가 검수'!$E$8:$E$17,"?*")=0,"",INDEX('전문가 검수'!$E$8:$E$17,MATCH($A15,'전문가 검수'!$A$8:$A$17,0))) | C15: =IF(COUNTIFS('전문가 검수'!$A$8:$A$17,$A15,'전문가 검수'!$F$8:$F$17,"?*")=0,"",INDEX('전문가 검수'!$F$8:$F$17,MATCH($A15,'전문가 검수'!$A$8:$A$17,0)))
A16: Q-009 | B16: =IF(COUNTIFS('전문가 검수'!$A$8:$A$17,$A16,'전문가 검수'!$E$8:$E$17,"?*")=0,"",INDEX('전문가 검수'!$E$8:$E$17,MATCH($A16,'전문가 검수'!$A$8:$A$17,0))) | C16: =IF(COUNTIFS('전문가 검수'!$A$8:$A$17,$A16,'전문가 검수'!$F$8:$F$17,"?*")=0,"",INDEX('전문가 검수'!$F$8:$F$17,MATCH($A16,'전문가 검수'!$A$8:$A$17,0)))
A17: Q-010 | B17: =IF(COUNTIFS('전문가 검수'!$A$8:$A$17,$A17,'전문가 검수'!$E$8:$E$17,"?*")=0,"",INDEX('전문가 검수'!$E$8:$E$17,MATCH($A17,'전문가 검수'!$A$8:$A$17,0))) | C17: =IF(COUNTIFS('전문가 검수'!$A$8:$A$17,$A17,'전문가 검수'!$F$8:$F$17,"?*")=0,"",INDEX('전문가 검수'!$F$8:$F$17,MATCH($A17,'전문가 검수'!$A$8:$A$17,0)))
A19: 판정은 사람이 직접 남깁니다. ‘문제없음’ 재검수도 업무 Scenario 승인·Agent 전체 성공과는 별도로 확인합니다.

Sheet 원문 근거
A1: 원문 근거 · 주문 취소 교육용 정책
A3: 가상 예시를 대조할 원문 발췌입니다. 실제 전문가 검수에는 전달받은 문서와 적용 범위를 확인해 사용하세요.
A5: 버전: order-policy-v1 | C5: 교육용 가상 정책 · 실제 회사의 승인 기록이 아닙니다.
A6: 기준일 | B6: 46275
A7: 근거 ID | B7: 주제 | C7: 원문 발췌 | D7: 출처 · 파일:줄
A8: 서문 | B8: 환불 완료의 의미 | C8: 모든 금액은 예제 결제 API의 USD 정수 센트다. 환불 완료는 결제 원장에 등록됐다는 뜻이며, 카드사 정산 완료까지 의미하지 않는다. | D8: Day05/business_lab/data/order_policy.md:5 정책 버전: order-policy-v1
A9: P1 | B9: 고객과 대상 | C9: 인증 고객은 서버 환경에서 결정한다. 모델이 고객 ID를 바꿔 권한을 얻을 수 없다. 본인 주문만 조회·처리한다. 주문 번호가 없거나 존재하지 않으면 확인 질문을 한다. 다른 고객의 주문은 거절하고, 주문·결제·재고를 변경하지 않는다. | D9: Day05/business_lab/data/order_policy.md:10 정책 버전: order-policy-v1
A10: P2 | B10: 취소 가능 상태 | C10: `paid` 주문만 취소를 시작할 수 있다. `cancelling` 주문은 부분 완료 상태를 조회해 이어서 처리한다. `shipped` 주문은 거절한다. `cancelled` 주문은 상태만 확인하며 환불·재고 복원을 다시 시도하지 않는다. 취소 시작에는 마지막으로 조회한 version을 보내며, 충돌 시 재조회·정책 재확인 후 판단한다. 다른 작업자가 출고한 변경은 되돌리지 않는다. | D10: Day05/business_lab/data/order_policy.md:16 정책 버전: order-policy-v1
A11: P3 | B11: 부분 완료·보호 상태 | C11: 취소 시작 → 잔여 결제액 환불 → 예약 재고 복원 → 주문 취소 완료 순서로 처리한다. 각 서비스 호출은 따로 커밋된다. 중간 실패를 전체 롤백한 것처럼 해석하지 않는다. 완료 조건은 주문 `cancelled`, 전액 환불 기록, 주문 수량만큼 재고가 정확히 한 번 복원된 상태다. 다른 주문, 다른 고객의 결제, 주문 금액·통화·수량, 다른 상품 재고는 보호 상태다. | D11: Day05/business_lab/data/order_policy.md:23 정책 버전: order-policy-v1
A12: P4 | B12: TIMEOUT·멱등성 | C12: 환불 TIMEOUT은 결과 미확정이다. 결제 원장을 조회해 처리 여부를 확인한 뒤 다음 행동을 정한다. 미처리가 확인되면 같은 요청의 같은 멱등 키로 재시도한다. 환불 시도 한도는 2회다. 이미 환불이 처리됐다면 추가 환불을 요청하지 않고 나머지 단계를 수행한다. 한도 내 해결하지 못하면 현재 부분 완료 상태를 보존하고 업무 티켓으로 담당자에게 넘긴다. 재고 복원도 주문 단위로 멱등적이어야 한다. | D12: Day05/business_lab/data/order_policy.md:30 정책 버전: order-policy-v1
A13: P5 | B13: 최종 안내 | C13: 완료는 최종 주문 조회로 확인한 뒤 안내한다. 부분 완료·미확정·거절을 완료라고 말하지 않는다. 미완료라면 현재 상황과 담당자의 후속 확인을 안내한다. 원장에 기록된 환불 금액만 말한다. 응답의 구조화 필드와 자유 문장은 각각 코드 검사와 Judge/사람 검토로 확인한다. | D13: Day05/business_lab/data/order_policy.md:38 정책 버전: order-policy-v1
A15: 운영안: Day05/docs/expert_feedback_workflow.md 수업 진행안: Day05/docs/02_teaching_guide.md
